level_0,index,SITE_ID,2015_DATA_START,2015_DATA_END,LOCATION_LAT,LOCATION_LONG,LOCATION_ELEV,IGBP,MAP_tower,MAT_tower,MET,PET_PM,PET_PT,MAP_badm,MAT_badm,GSfit_R2,CanopyHeight,MLAI,Nsample,GSfit_R2_nosm,g0,g1,m,GSmax0,GSmax1,GSmax2,g00,g01,g02,g03,GSREF
1,1,AR-Vir,2009,2012,-28.2395,-56.1886,,ENF,1445.180462,21.6418771,1233.58814,1354.958888,1497.602876,,,0.297218574,13.33333333,6,2814,0.297218574,0.100289448,0.009168357,0.997500336,0.057373535,0.06865563,0.088002861,0.100289448,0.100289448,0.100289448,0.100289448,0.112072468
2,2,AT-Neu,2002,2012,47.1167,11.3175,970,GRA,664.5464677,6.778733667,495.7960398,1793.27324,559.9718314,852,6.5,0.231704332,0.172394958,3.580086479,3257,0.204570132,0.126506942,0.006383932,0.231988472,0.095575117,0.110312339,0.13340966,0.18451613,0.166888075,0.11639513,0.0868383,0.123027022
3,3,AU-Ade,2007,2009,-13.0769,131.1178,,SAV,1586.510023,27.22091648,1195.299827,1638.513283,1850.934374,,,0.444641698,12.5,1.525953495,2141,0.360813242,0.068880915,0.014432885,0.303043122,0.144943823,0.161392763,0.188111366,0.042351492,0.154637998,0.12467655,0.210091378,0.177041092
4,4,AU-ASM,2010,2013,-22.283,133.249,,ENF,325.9287132,22.55610056,290.3837293,2222.360651,1749.400389,,,0.665243062,6.5,0.423829046,2212,0.468178791,0.01173621,0.008457209,0.32453102,0.062246508,0.071792629,0.082517131,0.007542748,0.005862656,0.013611809,0.026850014,0.097764306
5,5,AU-Cpr,2010,2014,-34.0021,140.5891,,SAV,330.1338128,17.52242713,327.9854252,2445.675148,1256.17533,,,0.588535672,2.7,0.570799384,6209,0.518758686,0.012017211,0.012409358,0.432986461,0.12480959,0.139731982,0.159652944,0.011237204,0.012105463,0.012538485,0.011131199,0.173922082
6,6,AU-Cum,2012,2014,-33.6133,150.7225,,EBF,542.0929897,18.40091868,717.1746565,1342.51577,1401.814684,,,0.240380337,23,1.496912443,2424,0.240380337,0.070743122,0.010109876,0.689421747,0.087891298,0.101262792,0.117199184,0.070743122,0.070743122,0.070743122,0.070743122,0.128126116
7,7,AU-DaP,2007,2013,-14.0633,131.3181,,GRA,1388.431984,25.43324576,796.9485393,2919.900316,1612.612683,,,0.556515809,1,2.184498455,2845,0.534853129,0.026788839,0.010780287,0.424246312,0.053334787,0.064008492,0.080632797,0.021686153,0.035679314,0.022145981,0.038759948,0.11675154
8,8,AU-DaS,2008,2014,-14.1593,131.3881,,SAV,1440.77044,26.64130476,946.6253902,3368.800612,1749.6362,,,0.307445208,16.4,1.489347303,4349,0.242442191,0.053546971,0.009541973,0.387153219,0.083872425,0.09527037,0.1124884,0.033840463,0.049606315,0.066187719,0.124742306,0.102535001
9,9,AU-Dry,2008,2014,-15.2588,132.3706,,SAV,736.3055948,27.03522527,834.5768188,3954.008859,1778.225634,,,0.309250969,12.3,1.404072769,2704,0.244884844,0.058792134,0.00787563,0.286603949,0.095542872,0.10226585,0.112847493,0.007864186,0.030530739,0.017182035,0.089552866,0.117829451
10,10,AU-Emr,2011,2013,-23.8587,148.4746,,GRA,557.5413295,21.32414222,408.3649116,2192.151729,1465.688651,,,0.413653859,0.6,0.885612884,2290,0.351133428,0.018364977,0.006714059,0.498388019,0.043034936,0.048560715,0.058000903,0.009588268,0.013961634,0.027220957,0.029812158,0.068729793
12,12,AU-Gin,2011,2014,-31.3764,115.7138,,SAV,549.8527525,19.42884591,599.8788079,879.0266406,1658.358479,,,0.687444967,6.8,1.094444274,4748,0.566144076,3.92E-21,0.012551721,0.410304449,0.085581216,0.095719599,0.109653472,7.74E-20,3.92E-21,0.000921689,0.049256342,0.138532547
13,13,AU-GWW,2013,2014,-30.1913,120.6541,,SAV,295.3722417,19.42644772,308.7671793,2255.406762,1456.930982,,,0.257829841,18,0.413784777,2280,0.228486471,0.018049683,0.009312225,0.806369385,0.091460753,0.107390819,0.132633674,0.01380389,0.021086243,0.022452405,0.022820753,0.163444459
14,14,AU-How,2001,2014,-12.4943,131.1523,,SAV,1571.15603,26.77147089,1219.227828,1271.388202,1853.002567,,,0.406853015,16,1.907708419,3301,0.294608809,0.042628958,0.013213574,0.249279356,0.097242075,0.107353019,0.121780474,0.049187938,0.063042042,0.109227892,0.142227725,0.116676065
16,16,AU-RDF,2011,2013,-14.5636,132.4776,,SAV,1077.436034,26.70205111,684.1066703,1266.419434,1640.397794,,,0.52748975,16,1.356521934,916,0.480194954,0.03484076,0.007345573,0.079301506,0.060816938,0.070332187,0.081491423,0.056913753,0.051903706,0.0201337,0.031684671,0.08936398
17,17,AU-Rig,2011,2014,-36.6499,145.5759,,GRA,447.9077896,15.60785639,474.3618288,2042.927726,1075.423759,,,0.821036443,0.4,1.90505037,1512,0.754568954,0.030035791,0.013432246,0.417330946,0.078493198,0.093230725,0.110949491,0.014091216,0.027676255,0.026660619,0.147717301,0.120620733
18,18,AU-Rob,2014,2014,-17.1175,145.6301,,EBF,2206.703446,21.70884476,1113.84532,1146.484234,1786.842663,,,0.300374498,28,5.40768505,1273,0.225785293,0.009334762,0.012375758,0.195688333,0.047685307,0.052666711,0.060579997,1.37E-20,2.21E-23,2.03E-19,0.096351924,0.061646157
19,19,AU-Stp,2008,2014,-17.1507,133.3502,,GRA,705.6033022,26.18616106,586.9200171,2933.472911,1492.86999,,,0.61712066,1,0.64822031,5016,0.579975001,0.020398881,0.012866162,0.407840609,0.09515345,0.105103521,0.119418597,0.017633476,0.013718498,0.025001139,0.03788177,0.151316816
20,20,AU-TTE,2012,2013,-22.287,133.64,,SHB,202.1208361,24.26453584,173.9774666,2085.436237,1532.701263,,,0.531568103,5,0.266662183,149,0.027959822,0.012794779,0.004718245,1.16E-15,0.030069691,0.043271883,0.049733257,0.005467267,0.008140449,0.011405811,0.026738989,0.059458686
21,22,AU-Wac,2005,2008,-37.4259,145.1878,,EBF,3197.30235,10.57584263,908.4024555,708.6423325,932.7616563,,,0.273354123,80,3.780333579,1548,0.250706811,0.103090816,0.014693109,0.428702276,0.107214404,0.12395262,0.146319185,0.103827721,0.175727917,0.09148838,0.057786125,0.150518338
22,23,AU-Whr,2011,2014,-36.6732,145.0294,,EBF,344.7131618,15.88242433,521.4531215,1283.880685,1230.387677,,,0.487550339,28,1.153893198,2779,0.439422185,0.012317008,0.014552352,0.838181266,0.128304776,0.15120601,0.191778499,0.02121018,0.01084054,0.01708083,0.048378359,0.244067467
23,24,AU-Wom,2010,2012,-37.4222,144.0944,705,EBF,1073.665608,10.88866092,847.7577671,760.7883337,1110.59341,,,0.351894581,22,5.32084801,1321,0.283248492,0.131097815,0.011368865,0.669033844,0.067680169,0.076273726,0.087282041,0.065542425,0.018358471,0.136923494,0.304997289,0.094246785
24,25,AU-Ync,2012,2014,-34.9893,146.2907,,GRA,622.5121311,18.14797046,268.099502,2261.410848,1356.430723,,,0.326192303,0.5,0.602152731,624,0.164703026,0.024177434,0.00537619,0.377859403,0.046119797,0.052860361,0.061283863,0.021256608,0.015908813,0.02266255,0.032870544,0.05984352
26,27,BE-Lon,2004,2014,50.5516,4.7461,167,CRO,775.2899298,11.83144692,426.088895,866.131265,643.6651252,800,10,0.394257016,0.467641975,1.961974233,3155,0.310879237,0.096289116,0.005196127,0.156588703,0.110211928,0.140811081,0.183730147,0.053303645,0.061955042,0.117417385,0.153377521,0.213187121
27,29,BR-Sa3,2000,2004,-3.018,-54.9714,100,EBF,1488.714254,25.9056715,1320.101762,1080.533299,1592.374322,2043.77,26.12,0.164536779,27.5,5.196231168,893,0.139317011,0.157223069,0.011128096,0.098987916,0.067565029,0.07712929,0.096970752,0.17866329,0.157606243,0.169078645,0.155339515,0.089503499
28,30,CA-NS1,2001,2005,55.8792,-98.4839,260,ENF,317.8462786,4.120150761,308.35811,759.676868,837.1808429,500.29,-2.89,0.392376827,16,1.658205972,2134,0.320440828,0.038999734,0.00751605,0.369170785,0.07484131,0.083253804,0.092050965,0.046578061,0.026651799,0.025045053,0.000280952,0.097025164
29,31,CA-NS2,2001,2005,55.9058,-98.5247,260,ENF,344.2802537,-1.224332188,263.5523407,537.2675976,656.2506865,499.82,-2.88,0.347747858,16,1.975190234,2229,0.416833261,0.028509715,0.010965896,0.22286177,0.07486549,0.082829704,0.091519809,0.023362499,0.046190619,0.027625495,0.078671521,0.090749962
30,32,CA-NS3,2001,2005,55.9117,-98.3822,260,ENF,219.600231,-1.078354749,292.2585245,593.7956611,692.5425117,502.22,-2.87,0.407731778,4,1.591861546,1652,0.355890132,0.052758166,0.008508101,0.531880215,0.086562447,0.098149949,0.11472672,0.081340877,0.044406788,0.047152832,0.028664618,0.112106039
31,33,CA-NS4,2002,2005,55.9117,-98.3822,260,ENF,293.3380479,-0.392936395,174.104217,718.0471914,700.2226091,502.22,-2.87,0.514467585,2,1.230520427,1540,0.428312421,0.042081004,0.006663215,0.926652331,0.055659421,0.061092748,0.066623289,0.045925058,0.028238629,0.033394444,0.023388268,0.06815711
32,35,CA-NS6,2001,2005,55.9167,-98.9644,244,SHB,258.0467378,-0.841759886,233.2855891,489.3344726,626.5375034,495.37,-3.08,0.559944765,2,1.801215252,2239,0.253120284,0.068937111,0.005911612,1.026645444,0.049196398,0.05718169,0.068092109,0.018033845,0.034426194,0.042939825,0.045330881,0.075737939
33,36,CA-NS7,2002,2005,56.6358,-99.9483,297,SHB,316.8210664,-0.725998112,281.0979234,686.6452114,629.8283236,483.27,-3.52,0.417049904,1,0.591041836,2221,0.382872297,0.07547879,0.010356018,1.046353028,0.174374441,0.201965589,0.241471753,0.070212325,0.066109224,0.064222486,0.07733492,0.260079009
34,37,CA-Qfo,2003,2010,49.6925,-74.3421,382,ENF,978.9902183,1.392694785,312.9047034,549.9043994,703.6088983,962.32,-0.36,0.365467317,13.8,1.48988642,4534,0.337518492,0.052898719,0.0103003,0.481835988,0.093698109,0.104325572,0.120208051,0.028315528,0.04308725,0.063820093,0.044901019,0.109441186
35,38,CA-SF1,2003,2006,54.485,-105.8176,536,ENF,475.2817973,0.838076624,509.8582483,582.3524407,717.0390553,470,0.4,0.410543148,6,1.933218468,2605,0.32255627,0.087849224,0.011535473,0.629169645,0.111865363,0.122433972,0.139399112,0.051816671,0.060741558,0.129308282,0.155346742,0.153298091
36,39,CA-SF2,2001,2005,54.2539,-105.8775,520,ENF,340.1287344,-0.013277593,437.804864,647.8413324,680.4697115,470,0.4,0.367410526,4,2.061273428,1106,0.346958507,0.063757462,0.008598811,0.561869497,0.100606673,0.10826837,0.117751917,0.032651451,0.077458053,0.057096341,0.075255519,0.131914743
37,40,CA-SF3,2001,2006,54.0916,-106.0053,540,SHB,394.6112745,2.938202964,429.7068046,580.4563869,718.0561591,470,0.4,0.185861526,18,1.146577425,1847,0.166928482,0.107351645,0.010285482,0.680776789,0.117756555,0.134083175,0.15090984,0.063985283,0.099058636,0.099470669,0.127712371,0.157377311
38,41,CH-Cha,2005,2014,47.2102,8.4104,393,GRA,1142.52717,9.552810431,781.0603076,1319.908567,752.8532484,1136,9.5,0.259140641,0.5,5.800022214,1205,0.226736522,0.149874317,0.008356147,0.558478084,0.058056565,0.068497621,0.091718459,0.032800699,0.158506149,0.19347761,0.168046464,0.111407707
39,42,CH-Dav,1997,2014,46.8153,9.8559,1639,ENF,976.9234278,3.632009616,503.1062754,699.1422102,917.6384715,1062,2.8,0.197926087,25,1.730823383,1448,0.181807885,0.012595696,0.012181147,0.185975989,0.140353997,0.16029085,0.188269051,0.026827186,2.24E-20,0.031790941,0.009281173,0.206271345
40,43,CH-Fru,2005,2014,47.1158,8.5378,982,GRA,1291.822854,7.715523247,711.0045668,934.3858359,640.4218997,1651,7.2,0.264869606,0.4,2.993284487,1877,0.256466974,0.133071229,0.01046136,0.472196125,0.15738353,0.1831108,0.215850397,0.090931884,0.127145381,0.159443324,0.120322637,0.247050995
41,44,CH-Oe1,2002,2008,47.2858,7.7319,450,GRA,1192.260284,9.836268747,685.3589557,1284.408648,691.6397384,1100,9,0.412351683,0.17625,1.651350153,3539,0.386769329,0.086845877,0.008435999,0.658346003,0.164942723,0.196068447,0.24341312,0.050675269,0.16423913,0.078072852,0.076899317,0.270933468
43,46,CN-Cng,2007,2010,44.5934,123.5092,,GRA,339.4238344,7.749967897,505.6074664,1313.969033,811.4366069,,,0.323284895,0.595,0.633684562,3987,0.301721883,0.042330476,0.009613657,0.553461512,0.116895155,0.144504764,0.189545555,0.03016547,0.040515733,0.046098716,0.052223585,0.270134861
44,47,CN-Dan,2004,2005,30.4978,91.0664,,GRA,626.4395764,3.039088212,760.8821394,1276.108347,915.9610937,,,0.402866562,0.1,0.448540418,974,0.286842309,0.025305025,0.025044738,0.190263836,0.209580583,0.256231753,0.32098257,0.036479209,0.027464005,0.04252717,0.059063564,0.365689866
45,48,CN-Din,2003,2005,23.1733,112.5361,,EBF,1417.15281,20.63162145,697.9910707,1025.838303,1083.915337,,,0.078493003,16.86666667,3.601423025,1743,0.053769203,0.052538984,0.006280452,0.051902062,0.050551147,0.057601576,0.06868128,0.077524284,0.0733907,0.006622847,0.065208969,0.073856553
47,52,CN-Qia,2003,2005,26.7414,115.0581,,ENF,1185.368351,18.32940443,689.9706607,1179.57835,1088.521343,,,0.16426003,11,2.27267186,2442,0.144192018,0.032239135,0.006028329,1.73E-18,0.078361123,0.091946023,0.111281744,0.040678912,0.054932955,0.035756269,0.038296897,0.12470082
48,53,CN-Sw2,2010,2012,41.7902,111.8971,,GRA,145.8232888,0.784267373,264.8603729,1314.605188,670.0019148,,,0.474649999,0.2,0.296170878,313,0.292540814,0.028462402,0.004886103,3.90E-16,0.112035441,0.124612998,0.141994168,0.019835853,0.027121892,0.036485002,0.036622902,0.185541164
49,54,CZ-BK1,2004,2008,49.5021,18.5369,875,ENF,1420.561953,12.458307,388.9660797,744.0442449,1020.903318,1316,6.7,0.412884919,11.35882353,2.764178514,1371,0.412884919,0.038461785,0.006124563,0.630109002,0.075565487,0.083762855,0.098850751,0.038461785,0.038461785,0.038461785,0.038461785,0.105016353
51,59,DE-Gri,2004,2014,50.9495,13.5125,385,GRA,944.9076236,8.564352387,398.0271729,1045.872765,645.8579284,901,7.8,0.271114785,0.213604938,3.509836741,5110,0.262800797,0.06968004,0.00477276,0.393901231,0.042133065,0.046756917,0.053325764,0.04977398,0.083245459,0.067721261,0.084947985,0.050349653
52,61,DE-Kli,2004,2014,50.8929,13.5225,478,CRO,852.8178336,8.205639592,377.877319,828.6092832,600.4081133,842,7.6,0.510534838,0.461237374,1.635403496,4168,0.439280035,0.065412404,0.007203958,0.572303506,0.113754671,0.136567227,0.164624676,0.014623719,0.040240891,0.082002446,0.084460505,0.196155485
53,62,DE-Lkb,2009,2013,49.0996,13.3047,1308,ENF,1092.888358,4.58290634,484.6327362,942.9237472,516.1995525,1599,4,0.456173851,2,1.527200602,612,0.346664888,0.151668303,0.012580908,1.118017815,0.110236386,0.121453103,0.142614128,0.124068525,0.137647486,0.157494735,0.151540862,0.128717787
54,63,DE-Obe,2008,2014,50.7836,13.7196,735,ENF,1072.528146,6.637972817,415.3211132,496.3071434,687.1059829,996,5.5,0.286041281,19.64285714,2.463812478,3274,0.275060966,0.060573834,0.00707943,0.625065431,0.11542415,0.130318596,0.152309574,0.037310259,0.044661028,0.073191512,0.092169839,0.163011313
55,64,DE-Seh,2007,2010,50.8706,6.4497,103,CRO,547.728489,10.901098,636.1525059,1022.180119,473.2902761,693,9.9,0.734668415,0.432280711,1.581521393,1636,0.711004918,0.024235097,0.017851299,0.315986089,0.336752911,0.408627266,0.515942853,3.59E-24,0.043347336,0.041479959,0.056378322,0.644501419
58,67,DE-Tha,1996,2014,50.9636,13.5669,380,ENF,839.0946318,8.844560368,433.3928149,591.4475765,697.1278148,843,8.2,0.246353464,28.21052632,3.160358496,7245,0.235891457,0.04801671,0.006141911,0.374729141,0.066406959,0.073444769,0.084761056,0.031774538,0.053875568,0.07186906,0.035813827,0.089994334
59,68,DK-Fou,2005,2005,56.4842,9.5872,51,CRO,645.3887011,8.458451204,128.843835,1058.375442,619.4469006,,8,0.534725886,0.9425,2.146848546,389,0.327897331,7.55E-24,0.003428357,0.465028229,0.025450727,0.029695258,0.036953936,1.24E-24,0.010892397,0.004953465,0.033402272,0.033059458
60,73,ES-LgS,2007,2009,37.0979,-2.9658,2267,SHB,545.5930335,6.924392345,402.9727379,820.9909385,952.7126467,,,0.444112431,0.2,0.767765595,1750,0.307439612,0.033416467,0.01674712,0.618161574,0.1360447,0.157488394,0.184442348,0.033416467,0.06041702,1.13E-15,0.100804504,0.206592532
62,77,FI-Sod,2001,2014,67.3619,26.6378,180,ENF,540.055897,1.008340592,334.6190435,455.533998,395.6672415,500,-1,0.3813887,12.85,0.89929191,3042,0.366761567,0.066907372,0.011567255,0.836813207,0.195050425,0.218438955,0.252650957,0.041296317,0.064230381,0.073230981,0.064832593,0.249469275
63,78,FR-Fon,2005,2014,48.4764,2.7801,103,DBF,687.439944,11.57362933,690.8420179,657.1244774,785.7387541,720,10.2,0.408963287,27.33,3.971310076,8104,0.408963287,0.047629541,0.014327235,0.316278417,0.125220763,0.139883998,0.164069624,0.047629541,0.047629541,0.047629541,0.047629541,0.158917116
64,79,FR-Gri,2004,2013,48.8442,1.9519,125,CRO,588.7439806,11.08914832,531.6986903,835.6166747,576.5062082,650,12,0.774904205,0.588285714,1.696754863,425,0.725042618,0.045686905,0.009851545,0.703756782,0.116847391,0.131056793,0.142795638,0.043573393,0.066480207,0.058306064,0.171813557,0.149220799
65,81,FR-Pue,2000,2014,43.7414,3.5958,270,EBF,962.3153519,14.02262045,436.6127478,1014.564312,1056.400653,883,13.5,0.654365059,6.184206667,2.208300364,7114,0.654365059,0.002112598,0.011449337,0.384645897,0.068236527,0.077026714,0.0870164,0.002112598,0.002112598,0.002112598,0.002112598,0.090652793
66,82,GF-Guy,2004,2014,5.2788,-52.9249,48,EBF,3139.686663,25.60863887,1520.359439,959.3050817,1765.125714,3041,25.7,0.158619051,35,5.377990582,825,0.131351979,0.235375989,0.012109148,0.720351889,0.094461971,0.109852446,0.138388682,0.269399311,0.173172656,0.166266653,0.285253976,0.161869618
67,83,IT-BCi,2004,2014,40.5238,14.9574,20,CRO,1209.401564,17.30647595,804.711983,1809.894564,1066.883206,600,18,0.665704652,1.22752809,1.375996856,745,0.575351496,0.078014542,0.009392256,1.07929046,0.1806556,0.209679393,0.238584487,0.02051443,0.05054791,0.141565572,0.107033157,0.241788567
68,84,IT-CA1,2011,2014,42.3804,12.0266,200,DBF,540.8214318,16.75210076,762.9372786,1498.983144,1186.911686,766,14,0.251413429,3.619303846,1.50374477,1683,0.20318599,0.111806514,0.00989026,0.458821202,0.128773011,0.145325817,0.172163348,0.136445183,0.066397432,0.087961928,0.151194451,0.134470283
69,85,IT-CA2,2011,2014,42.3772,12.026,200,CRO,518.1175724,16.10281013,486.1543037,1874.541004,993.9660179,766,14,0.550602876,0.228809524,1.405725892,1068,0.383829303,0.041740424,0.008386898,0.474372864,0.046591425,0.057197338,0.070592299,0.025671303,0.057009157,0.034901265,0.065230398,0.090209011
70,86,IT-CA3,2011,2014,42.38,12.0222,197,DBF,657.9368615,14.01231424,638.5302199,1156.95552,840.5628053,766,14,0.637159523,2.187113043,1.501283145,422,0.602553585,0.043370652,0.014199135,0.217726679,0.2073256,0.218003042,0.234743563,1.62E-23,2.17E-13,0.001327242,0.063745016,0.180230254
71,87,IT-Col,1996,2014,41.8494,13.5881,1560,DBF,1108.687643,8.202012447,474.4239571,1225.52351,1152.638647,1180,6.3,0.264975263,21.46842105,4.564399666,3692,0.208213568,0.039183074,0.005214333,0.402617553,0.036457789,0.040649089,0.046722722,3.89E-21,0.093182376,0.102192524,0.051524092,0.047126546
72,88,IT-Cp2,2012,2014,41.7043,12.3573,19,EBF,866.0313481,16.61235716,503.9591395,829.7554381,1172.803177,805,15.2,0.369845405,12.8,3.555392368,253,0.203566648,0.076444599,0.007146441,0.283231588,0.040637203,0.046354764,0.055536041,0.073916211,0.025517498,0.181636206,0.151546667,0.059166475
73,89,IT-Cpz,1997,2009,41.7052,12.3761,68,EBF,773.7197034,16.06751922,532.9074236,916.41786,1355.799807,780,15.6,0.338894615,14.05555556,3.398501397,7203,0.263535728,0.060131476,0.00597901,0.802221837,0.039929267,0.045247086,0.053074506,0.027706475,0.093897991,0.099387254,0.075952767,0.044733025
74,90,IT-Isp,2013,2014,45.8126,8.6336,210,DBF,2024.438835,13.38080502,568.6117632,1514.792043,1023.7888,1300,12.2,0.144545467,26,2.5920018,954,0.121174634,0.091565605,0.004650582,5.37E-17,0.082735241,0.093403949,0.109214148,0.155548339,0.114812092,0.082619784,0.056582622,0.1118178
75,92,IT-Lav,2003,2014,45.9562,11.2813,1353,ENF,1409.446208,7.644069184,714.2303814,772.3886036,1071.255233,1291,7.8,0.185162026,28,2.74428061,3858,0.17590934,0.138557951,0.004601231,0.50766352,0.07471557,0.08399471,0.096331289,0.101127778,0.13734588,0.157964676,0.151728673,0.092519219
76,93,IT-MBo,2003,2013,46.0147,11.0458,1550,GRA,969.757546,5.512678167,522.8362085,883.9062647,577.0632061,1214,5.1,0.333992924,0.3,1.970532278,2432,0.341317307,0.149091605,0.016755847,0.618805789,0.287682117,0.32996863,0.409358449,0.128705736,0.153782876,0.195531375,0.143194655,0.369476605
77,94,IT-Noe,2004,2014,40.6061,8.1515,28,SHB,575.314185,16.61906329,463.137446,900.9617436,1288.368338,588,15.9,0.449637243,1.054545455,1.432552345,7367,0.373467858,0.011394422,0.007059266,3.79E-20,0.050890263,0.0586862,0.069448718,0.014647802,0.009572877,0.017097745,0.057943414,0.070820114
78,95,IT-PT1,2002,2004,45.2009,9.061,60,DBF,748.1589215,14.80862594,580.5098153,961.7965556,993.3312259,984,12.7,0.289035075,26.6,1.253997692,791,0.268648318,0.095191577,0.006755723,0.126325156,0.181284952,0.202679759,0.23170543,0.048344258,0.095423931,0.102579365,0.1025813,0.223930913
79,96,IT-Ren,1998,2013,46.5869,11.4337,1730,ENF,968.1556577,4.806460109,715.1810714,733.4063002,930.615572,809.3,4.7,0.081662557,29,2.140031667,5543,0.070909342,0.157642965,0.01093967,0.077855191,0.203343438,0.252813688,0.34487992,0.096138442,0.117332246,0.221420278,0.194347278,0.371378742
80,99,IT-SR2,2013,2014,43.732,10.291,12,ENF,1332.081442,15.48066066,509.7140784,654.6956162,1129.811595,920,14.2,0.061178054,19,2.44326256,1044,0.042429687,0.147452958,0.003461973,6.54E-17,0.07077716,0.083282755,0.098829525,0.105792935,0.159420217,0.199117184,0.127045338,0.094192348
81,100,IT-SRo,1999,2012,43.7279,10.2844,6,ENF,811.2528367,15.51224586,472.3194021,779.6380504,1249.312655,920,14.2,0.308436689,18.7,2.442698139,3087,0.233531555,0.063586199,0.005572884,0.448025649,0.071081123,0.078613608,0.092623319,0.078851276,0.044168822,0.054218286,0.101409797,0.078980661
82,101,IT-Tor,2008,2014,45.8444,7.5781,2160,GRA,590.0773508,4.013809548,556.1045065,1038.038856,558.3296011,920,2.9,0.429727184,0.2,1.802013964,2490,0.36259056,0.059487378,0.025784174,0.242726084,0.278569812,0.315573586,0.381534974,0.062074358,0.023189016,0.179022632,0.020562335,0.352694266
83,102,JP-MBF,2003,2005,44.3869,142.3186,,DBF,933.8032117,3.579392849,706.9305946,537.5778101,838.964247,,,0.499448014,11.5,2.744629464,825,0.431752305,0.100191672,0.020459043,0.622542517,0.159924174,0.185575369,0.216148789,0.073881389,0.233983145,0.295439754,0.033873606,0.212889623
84,104,NL-Hor,2004,2011,52.2404,5.0713,2.2,GRA,1045.725422,10.70490736,643.407043,920.6425155,616.5244953,800,10,0.186404843,0.823282308,2.469513946,381,0.009722407,0.157332958,0.005890685,2.09E-21,0.159326339,0.181255955,0.25035593,2.39E-17,0.319311424,1.72E-16,0.140802506,0.287105555
85,109,RU-Cok,2003,2014,70.8291,147.4943,48,SHB,399.8504137,-0.514588773,362.8394489,487.5087683,512.0834549,232,-14.3,0.151801104,0.5,0.952809885,222,0.151801104,0.146013339,0.004399688,1.5,0.10524547,0.120424384,0.1470713,0.146013339,0.146013339,0.146013339,0.146013339,0.123126356
86,111,RU-Ha1,2002,2004,54.7252,90.0022,446,GRA,519.1246887,7.991284406,550.4355391,1115.437267,772.2644495,,,0.318224511,0.5,0.79954369,1841,0.271538003,0.042862886,0.015422927,0.295905809,0.197546076,0.222909717,0.258823591,0.053840012,0.059258534,0.057563479,0.045559111,0.304378093
87,112,SD-Dem,2005,2009,13.2829,30.4783,500,SAV,241.6520551,27.62096773,530.8504767,2835.606039,1114.553512,320,26,0.6676414,5,0.3833843,3055,0.599823068,0.002015756,0.008715661,0.189553045,0.068017898,0.084149526,0.107394213,0.012110352,0.003467272,0.002040381,0.001871872,0.102337387
88,113,SN-Dhr,2010,2013,15.4028,-15.4322,40,SAV,345.3624703,28.30010392,760.632195,2901.69173,1110.294878,404,29,0.767926475,1.58,0.825613392,2840,0.720967282,0.00166296,0.013827872,0.205647566,0.190730585,0.21981318,0.270434923,0.005525622,1.01E-15,1.49E-16,0.070924253,0.416244579
89,114,US-AR1,2009,2012,36.4267,-99.42,611,GRA,434.9505191,15.90651957,582.4661112,1718.490299,897.9408304,,,0.546839715,0.5,0.750599303,2875,0.481993042,0.023376881,0.010725538,0.34683602,0.094841015,0.111099164,0.138970386,0.01754206,0.009031325,0.022565154,0.048429219,0.18385056
90,115,US-AR2,2009,2012,36.6358,-99.5975,646,GRA,396.6925022,15.74560053,443.9306749,1668.019396,876.4361658,,,0.511664787,0.25,0.633217957,3100,0.385371869,0.029919335,0.008901233,0.510833116,0.075805286,0.090533506,0.108521081,0.019122916,0.018771502,0.036928695,0.054902185,0.120093947
91,116,US-ARb,2005,2006,35.5497,-98.0402,424,GRA,658.1555124,18.18274351,799.3114427,2313.786512,1174.142768,,,0.736701524,0.1,1.000489944,2077,0.6893019,0.051959468,0.011758974,0.479691848,0.155117137,0.167944178,0.191333974,0.03468911,0.069411364,0.067946718,0.060148719,0.221751527
92,117,US-ARc,2005,2006,35.5465,-98.04,424,GRA,687.9781209,17.76496715,867.0896427,2259.357731,1240.925599,,,0.697166109,0.4,1.385052624,2322,0.64931774,0.054642006,0.013967661,0.627856813,0.127146927,0.142229939,0.160370105,0.0308355,0.088206215,0.050828752,0.10085236,0.202650186
93,118,US-ARM,2003,2012,36.6058,-97.4888,314,CRO,631.5895703,15.47284268,561.9486476,1503.774779,978.4143649,843,14.76,0.522473533,0.191111111,0.76173036,6719,0.503277963,0.042397631,0.011891307,0.434325531,0.173245713,0.200082987,0.241593304,0.03111516,0.041791273,0.048986446,0.056544253,0.257987873
94,119,US-Blo,1997,2007,38.8953,-120.6328,1315,ENF,1187.945294,11.90596027,795.244997,1667.97047,1293.512496,1226,11.09,0.593894667,2.59,2.146046211,7549,0.548276454,0.000801948,0.016328478,0.301334838,0.120564392,0.132740039,0.151748804,3.51E-26,0.001952638,0.076349244,5.10E-16,0.176630271
95,120,US-Cop,2001,2007,38.09,-109.39,1520,GRA,176.4396157,15.19742853,179.8754721,2495.985884,973.2212533,,,0.272021144,0.5,0.267354325,1341,0.272021144,0.011193523,0.014374068,1.28690368,0.059480926,0.070290147,0.084628626,0.011193523,0.011193523,0.011193523,0.011193523,0.096637193
96,121,US-GBT,1999,2006,41.3658,-106.2397,3191,ENF,537.6696303,0.925825778,702.7452787,656.7374028,897.3286585,1200,0.8,0.137853811,11.55,0.910055376,340,0.137853811,0.095571087,0.007997773,0.361160185,0.187012719,0.201341668,0.224059023,0.095571087,0.095571087,0.095571087,0.095571087,0.228336689
97,122,US-GLE,2004,2014,41.3665,-106.2399,3197,ENF,1770.796898,-0.055224063,748.5896796,729.69073,1166.901432,1200,0.8,0.345594227,9.725,0.715865547,7953,0.323333777,0.07783522,0.009484157,0.312761629,0.206030826,0.230630956,0.266597981,0.08017619,0.064214235,0.098542988,0.084436955,0.254991282
98,124,US-KS2,2003,2006,28.6086,-80.6715,3,SHB,1070.258884,21.63792125,973.0244018,853.5092447,1564.850874,1294,21.66,0.413598858,1.5,5.38106464,2457,0.347895719,0.0396301,0.012893184,0.158683939,0.040559123,0.044236123,0.049751488,0.020030273,0.046671963,0.048934926,0.113507171,0.048626646
99,126,US-Me1,2004,2005,44.5794,-121.5,896,ENF,132.8360383,9.168831063,284.2888899,1314.314544,755.1467111,704.61,7.88,0.738306622,7.2,0.768319143,556,0.575625922,0.010227996,0.024932031,1.16176523,0.054722059,0.080785051,0.122692352,0.010616706,0.013437336,0.048465176,0.078278914,0.190235073
100,127,US-Me2,2002,2014,44.4523,-121.5574,1253,ENF,495.1994782,7.569938369,613.7289658,887.6238277,1017.822806,523,6.28,0.412520846,15.66333333,2.389322797,6053,0.343898122,2.36E-20,0.009751502,0.334779863,0.077921163,0.088936313,0.10318987,1.47E-23,1.65E-22,0.001845967,0.06746181,0.104639737
101,128,US-Me6,2010,2014,44.3233,-121.6078,998,ENF,381.088433,8.357212769,438.2654,1099.356196,1088.176401,494.3406897,7.594913793,0.40398732,5.855,0.96092717,419,0.300087733,0.004856468,0.005269531,0.64112187,0.016714438,0.021610884,0.027905364,0.007527901,0.010418676,0.012828983,0.011702259,0.035614241
102,129,US-MMS,1999,2014,39.3232,-86.4131,275,DBF,1089.68941,12.23901202,523.1194611,932.0117567,983.9589633,1032,10.85,0.366481162,26,4.307271739,4472,0.354908309,0.057093972,0.008487531,0.084627997,0.070134666,0.078082164,0.087044918,0.05998042,0.084288572,0.09875086,0.048595939,0.098433183
104,131,US-Ne1,2001,2013,41.1651,-96.4766,361,CRO,841.0217261,10.56397355,735.6553652,1374.590126,1037.074837,790.37,10.07,0.746827108,1.568529412,1.404981612,3290,0.739613198,0.056921016,0.009525615,0.347522794,0.167705189,0.190280928,0.21534676,0.044040827,0.069684388,0.055923069,0.059063046,0.208971345
105,132,US-Ne2,2001,2013,41.1649,-96.4701,362,CRO,848.2585357,10.34977286,712.4431978,1379.213816,1018.034209,788.89,10.08,0.72781488,1.127826531,1.231298194,3465,0.721102417,0.052388879,0.010670126,0.442749931,0.16769506,0.194903686,0.236827998,0.050772063,0.049992016,0.060167613,0.047106911,0.263461488
106,133,US-Ne3,2001,2013,41.1797,-96.4397,363,CRO,685.6555379,10.4272902,642.5582874,1410.897436,960.2738387,783.68,10.11,0.693898502,0.965304688,1.156445582,4067,0.686129031,0.054280245,0.00892658,0.33003053,0.144958938,0.172085217,0.200848006,0.080148416,0.045560936,0.054121206,0.051848857,0.174851399
107,134,US-NR1,1998,2014,40.0329,-105.5464,3050,ENF,748.1340394,2.11871362,685.2493933,744.3896799,918.2627475,800,1.5,0.31947711,13.43333333,1.832124499,7320,0.265930187,0.068045146,0.010878825,0.190662217,0.095143885,0.104547672,0.11633435,0.037110402,0.061020156,0.078834671,0.116652509,0.116999207
108,136,US-Prr,2010,2013,65.1237,-147.4876,210,ENF,255.7857085,-5.364215792,212.9491826,930.8619792,479.8388605,275,-2,0.233500958,2.53,1.205633482,927,0.233500958,0.060840067,0.011604739,0.332291378,0.091401254,0.104692545,0.122534653,0.060840067,0.060840067,0.060840067,0.060840067,0.13039569
109,137,US-SRG,2008,2014,31.7894,-110.8277,1291,GRA,419.6891438,19.19949152,459.0706629,2883.71694,1271.432655,420,17,0.653003967,0.5,0.495729311,7005,0.622604282,0.007576099,0.012138082,0.477969209,0.054101312,0.064636715,0.079777897,0.007646256,0.007235747,0.008929767,0.014345081,0.102534649
110,138,US-SRM,2004,2014,31.8214,-110.8661,1120,SAV,364.5021817,18.94629972,373.9666698,1215.15832,1454.634909,380,17.92,0.537273675,2.5,0.432393747,10108,0.464775608,0.010594789,0.011601843,0.49564888,0.0521194,0.061026676,0.073681194,0.005705099,0.010782447,0.013901057,0.021902405,0.110240656
111,140,US-Ton,2001,2014,38.4316,-120.966,177,SAV,499.5404585,16.73989409,395.8120003,819.7857357,1254.601779,559,15.8,0.644106467,9.9,1.145624774,13854,0.473479936,0.014653119,0.010387915,0.565940929,0.04616936,0.053917447,0.06457634,0.015767186,0.017911681,0.018524427,0.071647597,0.065094973
113,142,US-Tw2,2012,2013,38.1047,-121.6433,-5,CRO,404.3650765,15.35992628,792.9904698,2316.799697,1498.560966,421,15.5,0.716297329,1.805833333,0.914508182,1558,0.464461124,0.063369347,0.007596752,0.776653359,0.126599897,0.148555118,0.177514106,0.034409355,0.04885744,0.025294534,0.0920123,0.256729318
114,143,US-Tw3,2013,2014,38.1159,-121.6467,-9,CRO,286.1119532,16.98825184,1063.817425,2000.714779,1264.873792,421,15.6,0.65135428,0.276261905,1.398705793,2341,0.638986827,0.049755335,0.011606136,0.453627371,0.23678694,0.262534382,0.293061607,0.017507145,0.04498416,0.089016957,0.045400853,0.329703841
116,145,US-Twt,2009,2014,38.1087,-121.653,,CRO,293.2377772,15.03410761,1270.828609,1836.45877,1206.759505,421,15.6,0.440187551,0.582227273,1.263178977,4474,0.440187551,0.121760747,0.013384754,0.695117462,0.282345401,0.330015613,0.409950679,0.121760747,0.121760747,0.121760747,0.121760747,0.427578496
117,146,US-UMB,2000,2014,45.5598,-84.7138,234,DBF,603.3525522,7.281493333,504.1121254,757.9867773,813.0710969,803,5.83,0.358325648,23,4.162806107,3292,0.351005652,0.045969827,0.011466738,0.114717346,0.088788853,0.097388702,0.107959352,0.016653301,0.057912851,0.077667217,0.035591171,0.11044459
118,147,US-UMd,2007,2014,45.5625,-84.6975,239,DBF,651.4239087,7.757716545,476.708418,801.4592028,842.3785646,803,5.83,0.42977206,23,3.516973324,4552,0.395659406,0.086008551,0.009703926,0.242785807,0.088097782,0.095836647,0.106133901,0.030096406,0.079200869,0.083838167,0.090832026,0.107520428
119,148,US-Var,2000,2014,38.4133,-120.9507,129,GRA,553.7715816,16.42950159,368.3978398,2616.604967,1175.089421,559,15.8,0.716470489,0.286393074,1.595550846,7478,0.691907257,0.039095724,0.011476151,0.252994895,0.097188013,0.109044948,0.125425052,0.020523758,0.038608451,0.058760585,0.08048311,0.15821725
120,150,US-Whs,2007,2014,31.7438,-110.0522,1370,SHB,313.7662464,17.48971443,302.2660575,1424.502502,1320.163625,320,17.6,0.522566068,1,0.309008925,3479,0.476696886,0.010901267,0.013770452,0.332908456,0.092251686,0.109020769,0.131346367,0.009478965,0.008208602,0.012512872,0.017834082,0.197599303
121,151,US-Wi0,2002,2002,46.6188,-91.0814,349,ENF,949.4944287,11.49664759,710.71217,1324.536298,1470.981233,,,0.399143335,4,4.5824231,176,0.399143335,1.77E-18,0.009059621,0.156571588,0.056543924,0.060949627,0.066504831,1.77E-18,1.77E-18,1.77E-18,1.77E-18,0.068497703
122,152,US-Wi3,2002,2004,46.6347,-91.0987,411,DBF,809.7257171,11.88999043,752.6783645,1375.28476,1438.323575,,,0.244136891,20.5,3.974584517,629,0.244136891,0.040762445,0.008556953,0.112624456,0.068689822,0.072942132,0.079206519,0.040762445,0.040762445,0.040762445,0.040762445,0.077790461
123,153,US-Wi4,2002,2005,46.7393,-91.1663,352,ENF,929.9137913,14.59880983,767.3350522,1354.489862,1836.058096,,,0.384813258,18,3.233639029,1303,0.384813258,5.03E-17,0.007594895,0.199040474,0.064196378,0.071097891,0.077917129,5.03E-17,5.03E-17,5.03E-17,5.03E-17,0.084456794
124,154,US-Wi6,2002,2003,46.6249,-91.2982,371,SHB,794.3306419,11.46481113,447.7354974,1179.399431,1173.648781,,,0.182016448,0.5,2.188799321,428,0.182016448,0.029484594,0.00781973,0.092200803,0.074228356,0.080953853,0.090534339,0.029484594,0.029484594,0.029484594,0.029484594,0.087266003
125,155,US-Wi9,2004,2005,46.6188,-91.0814,350,ENF,840.5409809,13.27330371,607.7006153,1598.12966,1478.554624,,,0.492015678,2.3,4.082820029,1248,0.492015678,0.012471577,0.01079323,0.402247057,0.044772519,0.048965511,0.054494587,0.012471577,0.012471577,0.012471577,0.012471577,0.059169572
126,156,US-Wkg,2004,2014,31.7365,-109.9419,1531,GRA,358.5956659,17.78480015,357.0582475,2460.305842,1531.654385,407,15.64,0.500579333,0.5,0.362524235,7968,0.474032662,0.009951751,0.009630616,0.448076729,0.063865631,0.074932768,0.096655855,0.008007485,0.008572464,0.009794708,0.01644251,0.136109271
127,158,ZM-Mon,2000,2009,-15.4378,23.2528,1053,DBF,700.2469423,22.07695435,803.6296968,1708.771377,1629.147188,945,25,0.697042025,12,1.713277996,1948,0.645865296,0.011327464,0.011313507,0.293417832,0.085000767,0.092055473,0.104472141,0.014220324,0.017308017,0.038158754,0.103885148,0.097931888